ticker,pb_ratio,surge_ratio,volatility,ma_slope,rsi,vol_spike,label
1458.T,3.5222670449426072,1.707106691636576,0.003361436270594426,0.0020206448907231045,57.14285714246305,1.2877510955992435,1
1458.T,4.460591063185665,-0.5149428931557397,0.003328444287115675,0.0015811180218879774,52.09302325547475,0.8654195790065592,1
1458.T,4.758178610892638,-1.8236973253894773,0.0031202755839900543,0.000942363523868432,48.756218905133046,0.37343337027863693,1
1458.T,5.067446122481565,-1.3750640423316374,0.0030411042679811835,0.0005708522824576986,48.27586206863258,0.7130109807047333,1
1458.T,3.3413297199789094,-1.1217878377189923,0.003205989736336676,0.0006373122544683078,58.5714285710381,0.7683185091059854,1
1459.T,1.7912293651177993,-1.791229365126379,0.005342351116785172,-0.005485332697326594,37.499999934375,0.8480614423135431,1
1459.T,1.1232171311072174,-1.1232171311125976,0.004259806710087082,-0.002870126763918453,44.444444375308635,0.2985648984543641,1
1459.T,1.1605518054078992,-1.160551805413458,0.004122769713807767,-0.0016762452107200502,49.9999999125,2.016043190537616,1
1459.T,1.1605518054078992,0.0,0.004122769713807767,-0.00023980815347612262,42.85714277142856,0.41365317904276167,1
1459.T,2.2457504448746812,-1.1282736610121453,0.004261103795603784,-0.0004796163069521089,37.499999934375,0.7165455676765965,1
1459.T,1.12249357723257,-1.1224935772379465,0.004262552561320802,-0.00047973135044142285,44.444444375308635,2.6496415839814174,1
1459.T,1.1677692024839033,0.0,0.0040972889311055175,-0.0009594627008828457,44.444444375308635,1.2660897782585028,1
1459.T,1.2048467891464907,0.0,0.003971200183664086,-0.0011993283761036254,49.9999999125,0.2412992414315042,1
1459.T,2.408849840939807,-1.210215424901026,0.003972591159024476,-0.0011996161228349346,44.444444375308635,3.002311207038262,1
1459.T,1.2039538692595952,1.215586273799326,0.003974145449759652,-0.0011999040076736266,44.444444375308635,0.9269992802212265,1
1459.T,2.332470188232249,-2.3324701882434216,0.004102678656384954,-0.0012004801920710662,44.444444375308635,0.1751471231279359,1
1459.T,2.3324701882322496,-1.1718419936126705,0.0041026786563849536,-0.0014409221901947266,44.444444375308635,1.6691529909977,1
1459.T,2.3324701882322505,-1.1718419936126707,0.004102678656384953,-0.0016814797021297758,44.444444375308635,0.23859130712567367,1
1459.T,1.1573814137306775,0.0,0.004134063136877365,-0.0014416146083543553,55.555555469135804,0.048561720649266886,1
1459.T,1.2889569148671327,0.0,0.003659532594681444,0.004051477597692769,57.14285702857143,0.5938925620926584,0
1459.T,1.3292512127709375,0.0,0.003548599209451961,0.0035705784336892616,49.99999988333334,1.6451276487463204,0
1459.T,3.067619058371122,-3.0676190583855907,0.0030753359582714073,0.0023775558725516997,42.85714277142856,5.263286264335413,0
1459.T,4.347712442075743,-2.912211809555778,0.0032548010561827996,0.0014255167498150908,28.5714285142857,1.7874367453564317,0
1459.T,2.73983277373101,-1.3764088815964928,0.0034432610686041354,0.00047472110135067454,42.85714277142856,0.620675151164498,0
1459.T,2.7398327737310115,-1.3764088815964934,0.0034432610686041336,-0.00023719165085281867,42.85714277142856,0.1749416028605408,0
1459.T,3.9258734430201994,-2.629652985542518,0.0036045327684836974,-0.00047438330170563735,28.5714285142857,0.0018894099986632247,0
1459.T,2.616040737576353,-1.3142195174616318,0.0036061975307027736,-0.00047449584815905017,42.85714277142856,0.06010142469454759,0
1459.T,4.53525582237748,-3.4175624443669315,0.004160276891076475,-0.0011862396203976928,33.33333328148147,1.1136911163044867,0
1459.T,3.3975744065830304,-1.1433107526968211,0.004165012536934248,-0.0018979833926363356,39.999999943999995,0.6005701602939759,0
1459.T,3.4871745504008684,-2.3358009626807905,0.004057995865838833,-0.002135738016126497,39.999999943999995,0.5205525055807195,0
1459.T,2.233064983556475,-1.1218241149673238,0.004224668829841454,-0.002136244956078238,45.454545396694215,0.694397030226241,0
1459.T,1.116162695098235,1.1267928160092435,0.004226068508296973,-0.0016627078384718842,49.99999994166666,3.733533994251646,0
1459.T,1.1527754855996386,2.338645004289736,0.004091846190521745,-0.0009507962918898875,54.54545447603306,0.828791088472608,0
1459.T,1.1527754855996384,1.1637542997536916,0.004091846190521746,-0.0004756242568348095,49.999999929999994,0.04096460004806939,0
1459.T,1.1527754855996384,1.1637542997536916,0.004091846190521746,-0.00023786869647833057,49.999999929999994,0.8463482963745147,0
1459.T,1.2327857559040074,0.0,0.00418129258693899,-0.002831402831388314,42.85714277142856,0.35628032041043683,0
1459.T,1.4551515367821295,-1.455151536789625,0.0035423374059573264,-0.002575328354351917,42.85714277142856,0.19715215572524591,0
1459.T,1.5582353926123869,0.0,0.00330799675160375,-0.0023195876288539643,42.85714277142856,0.0032045943763585076,0
1459.T,2.9751725358250685,-1.4952939687902602,0.0034651016877684515,-0.0023213825122397076,42.85714277142856,0.07794140378362892,0
1459.T,3.1127786909561412,-3.112778690972175,0.0033119203969225867,-0.0020650490449040386,42.85714277142856,0.01070668363485879,0
1459.T,3.1127786909561412,-3.112778690972175,0.0033119203969225867,-0.002323780015479955,33.333333255555544,3.361846335348749,0
1459.T,4.455882403953569,-2.9859799183815245,0.003470449098048553,-0.0025833118057216053,33.333333255555544,2.5045315189538813,0
1459.T,4.455882403953569,-4.4558824039765215,0.003470449098048553,-0.0025853154084664667,33.333333255555544,0.06140731333643244,0
1459.T,4.455882403953567,-2.9859799183815237,0.003470449098048554,-0.0028453181582884946,19.999999943999995,0.0906763177284617,0
1459.T,2.8985798136329852,-1.45679918095259,0.003556664337271155,-0.002587991718413106,33.333333255555544,0.06293780846487146,0
1459.T,1.3705417754801694,0.0,0.003761022025675546,-0.0018130018129925395,49.99999988333334,0.5281244016035921,0
1459.T,1.3912462003226655,-1.391246200329879,0.0037242479136937335,-0.001555209953335698,33.333333255555544,0.39789387551366184,0
1459.T,2.7798493250765293,-2.7798493250909426,0.003727788922635162,-0.0012970168612124668,33.333333255555544,0.09998544839055087,0
1459.T,1.3139322590100133,0.0,0.003943388862530755,-0.0012973533990591733,42.85714277142856,0.17768807764818786,0
1459.T,1.388293498058294,0.0,0.0037321688599604463,-0.001816294758682813,42.85714277142856,1.3529598986788858,0
1459.T,2.675184730770428,-1.3445589922952381,0.003873635904872765,-0.002076843198327772,37.499999934375,4.374568151765104,0
1459.T,1.3795696537802815,1.3934346754332223,0.003606286195758416,0.0020125786163421038,57.14285702857143,0.942289320468953,0
1459.T,1.4442706231175908,1.4587859057692205,0.003444730408678408,0.0017601206939815651,57.14285702857143,0.06858849147259999,0
1459.T,1.4442706231175908,1.4587859057692205,0.003444730408678408,0.0017596782302575899,57.14285702857143,0.029429725494235254,0
1459.T,2.733434234261502,1.3874249522456739,0.0036401995328866755,0.001004772670178266,49.9999999125,0.21770994337871896,0
1459.T,2.7334342342615017,0.0,0.003640199532886676,0.0005021340697940858,49.9999999125,1.8724294472503664,0
1459.T,2.283062618919707,-1.1474154914732588,0.004492390129075013,-0.0015424164524342877,37.499999934375,0.08099488944931409,0
1459.T,1.2539782715650696,0.0,0.004089547634505765,-0.0015424164524342877,49.9999999125,0.02423549142305929,0
1459.T,1.2072673404683847,0.0,0.004247778225261933,-0.0002574665293497708,49.999999929999994,2.2659297211144165,0
1459.T,1.207267340468385,-1.2072673404745717,0.004247778225261932,-0.0005149330586996879,49.999999929999994,0.0805090105200629,0
1459.T,1.207267340468385,0.0,0.004247778225261932,-0.0007723995880494587,49.999999929999994,0.0021738332780644,0
1459.T,1.2539782715650696,0.0,0.004089547634505765,-0.0007723995880494587,55.555555469135804,0.2878603877119556,0
1459.T,2.4136243738410106,-2.41362437385338,0.0042493802904431935,-0.0007725985063056044,44.444444375308635,0.04526648248181627,0
1459.T,1.1602455842952601,1.1722688546048536,0.004419929743622464,-0.0005151983513625921,44.444444375308635,0.07734221059954186,0
1459.T,2.245127286676006,0.0,0.0045682968943891655,-0.0005153311002293605,44.444444375308635,0.5876485796834636,0
1459.T,2.245127286676006,-1.1283500538764555,0.0045682968943891655,-0.0007729966503438943,44.444444375308635,0.5251506998603593,0
1459.T,2.245127286676006,-2.2451272866875116,0.0045682968943891655,-0.0007731958762847036,37.499999934375,0.20887342708332068,0
1459.T,1.1224643630664248,-1.122464363072177,0.004568700953413691,-0.0005154639175230869,57.14285702857143,0.7571875396117584,0
1459.T,1.1743577212713239,-1.174357721277373,0.004389325252013659,-0.0005157297576043248,42.85714277142856,1.079678637250143,0
1459.T,1.3717798584226404,-1.3717798584299128,0.0038570357238524922,0.0002647603918440382,24.9999999125,2.0766965572524257e-05,1
1459.T,1.4503143742757367,-1.4503143742834255,0.003648177205238804,0.0005295207836879259,33.33333317777779,0.09416966747634752,1
1459.T,1.4418805448609708,2.9297785539349905,0.0036310918203267036,0.0010596026490009485,62.499999890625,0.24252647044963233,1
1459.T,1.4418805448609713,2.9297785539349914,0.0036310918203267028,0.001324503311251261,57.14285702857143,0.6206720593361191,1
1459.T,1.4418805448609708,2.9297785539349905,0.0036310918203267036,0.0013241525423658678,57.14285702857143,0.05644038451012987,1
1459.T,1.4418805448609708,1.457138540052329,0.0036310918203267036,0.001058761249332609,66.66666651111112,4.856576204691126,1
1459.T,1.4418805448609708,1.457138540052329,0.0036310918203267036,0.0010584810796451898,66.66666651111112,1.8777878039623979,1
1459.T,1.441880544860971,2.929778553934991,0.003631091820326703,0.0010582010581953992,66.66666651111112,4.011851779793526,1
1459.T,1.544748184926967,1.5610947265745954,0.0033892906303772557,0.001322401481082664,66.66666651111112,0.16620040794278793,1
1459.T,1.206699899472159,-1.2066998994791769,0.004818059804414967,-0.0005817335660233425,42.85714277142856,0.012399517396843225,1
1459.T,1.168528899347792,0.0,0.004975445898731659,-0.0008728542333379857,44.444444375308635,2.887416645016007,1
1459.T,2.0169344085553527,-2.016934408567083,0.005765137879754237,-0.0017462165308397273,45.454545396694215,0.8377740856208968,1
1459.T,0.9971522066321714,1.0088834090690002,0.005830556711921041,-0.0020372526193130703,49.99999994166666,0.07195793941021411,1
1459.T,0.9971522066321716,-0.9971522066379708,0.00583055671192104,-0.001747233546873825,49.99999994166666,0.09283964749551746,1
1459.T,1.9506001467873098,-1.9506001467986538,0.005961193556366692,-0.0020390329158051575,46.15384610414201,0.11543815391683546,1
1459.T,1.9506001467873098,-1.9506001467986538,0.005961193556366692,-0.0017492711370161057,41.66666661805556,0.5753234348333937,1
1459.T,0.9479309047722118,0.0,0.006133308357326404,-0.0017497812773300274,54.54545447603306,0.13635917394022345,1
1459.T,1.89536089125319,-1.8953608912642128,0.006134929308173842,-0.0017502917152757355,39.999999943999995,0.15528406309522605,1
1459.T,0.924622553033865,-0.9246225530392422,0.006287919913524754,-0.0011675423234025074,45.454545396694215,0.3426229958018139,1
1459.T,1.8102553112355098,-0.9104207998079558,0.0064233509462735166,-0.0008761682242938149,41.66666661805556,2.236712697164031,1
1459.T,1.3793024606572892,0.0,0.004142879823637471,0.0020190366310814845,59.999999832,0.006867935903292972,0
1459.T,1.4442590617757942,0.0,0.00395655074718242,0.0017296050734983096,49.999999825,8.216126860285105e-06,0
1459.T,1.4530739764735465,-1.4530739764819098,0.003955149618481403,0.0008643042350856408,49.999999825,5.807903892496523,0
1459.T,1.5366580408085095,-1.5366580408173538,0.0037400155060306724,0.0005760368663560962,49.999999825,0.5835440575763428,0
1459.T,1.6490992761723693,0.0,0.00348500837438279,-0.0002878526194570818,33.33333317777779,3.8929374010504736,0
1459.T,3.111775915774729,-3.111775915792609,0.003693790964655486,-0.0011510791366839573,24.9999999125,0.44437277077107296,0
1459.T,3.2955994148757926,-3.295599414894729,0.003487756893636586,-0.0011514104778286543,24.9999999125,0.847229057720607,0
1459.T,3.6087049294176587,-3.6087049294383937,0.0031851452223463092,-0.0017271157167429814,24.9999999125,0.019650533197253812,0
1459.T,1.7709502539786621,-1.7709502539888549,0.003245220837167328,-0.0014396775122289681,49.999999825,0.14127149013765813,0
1459.T,1.7709502539786621,-1.7709502539888549,0.003245220837167328,-0.0008643042350858045,33.33333317777779,0.0005876797638937746,0
1459.T,1.8111541587465563,-3.601490453620287,0.0031915256808520793,-0.0008650519031092309,24.9999999125,0.09474992928553189,0
1459.T,1.6436040732092223,0.0,0.0034966601061793105,-0.0014417531718486636,39.999999888,1.9807462726332614,0
1459.T,1.7675412521023472,0.0,0.0032514797956605473,-0.0011537352177608013,39.999999888,0.33609237275902204,0
1459.T,2.5321426361658315,-1.273652583468249,0.004701456862072582,-0.002382370458592158,37.499999934375,0.057479716245304575,1
1459.T,2.5321426361658315,-2.5321426361808945,0.004701456862072582,-0.002086438151999451,37.499999934375,1.0119622306177345,1
1459.T,1.207721859796941,0.0,0.0049286014791720826,-0.001789442290475526,49.9999999125,0.8168036346868037,1
1459.T,1.2646522999953782,0.0,0.0047067321885351215,-0.0020883054892476493,49.9999999125,0.027136505247482613,1
1459.T,1.2646522999953782,0.0,0.0047067321885351215,-0.0020895522387934613,49.9999999125,0.12075691611772035,1
1459.T,1.3120237625758253,-1.3120237625836302,0.0045367925567413305,-0.0017921146953298642,42.85714277142856,0.3029655891198566,1
1459.T,2.5270225670016138,-2.5270225670166466,0.00471098261373812,-0.0020914251568443557,42.85714277142856,0.00791247130486164,1
1459.T,1.0831982697770892,0.0,0.005495189602151219,-0.0008973975471080365,49.999999929999994,0.03700364745393852,1
1459.T,1.0831982697770892,0.0,0.005495189602151219,-0.0005984440454781322,44.444444375308635,0.7281082240662985,1
1459.T,1.0526099069970603,1.0652919540756682,0.005654877329358291,0.0,55.555555469135804,1.8383310432237607,1
1459.T,1.0831982697770894,0.0,0.005495189602151218,0.0,49.9999999125,0.25630893422815015,1
1459.T,1.021591019032973,0.0,0.0058265781705764816,0.0,55.555555469135804,0.40793252438487476,1
1459.T,1.0857180989778363,-1.0857180989841957,0.005386252781571573,-0.0014654161781860176,49.999999929999994,1.424820424098039,0
1459.T,2.1091557318002834,-2.109155731812617,0.005545301443218371,-0.001173020527852291,39.999999943999995,0.0030007951538106575,0
1459.T,1.0230385394216748,0.0,0.005716257958969354,-0.0008800234672871649,45.454545396694215,0.4685995421614488,0
1459.T,1.0541898658541735,0.0,0.005547342420534286,-0.0005870267097118127,45.454545396694215,0.28938435893066927,0
1459.T,1.0849171286545596,-1.084917128660914,0.005390229333622168,-0.0005870267097118127,45.454545396694215,0.43266896522054277,0
1459.T,1.1223068407734533,0.0,0.005210653523240607,-0.0005871990604781887,45.454545396694215,0.003212969132546536,0
1459.T,1.1595793024694583,-1.1595793024762504,0.005043166986774322,-0.0005871990604781887,49.999999929999994,0.24724608572703313,0
1459.T,1.2056017078308379,1.2198691836702953,0.004850650071871754,-0.0005873715124781612,49.999999929999994,0.0011242389234775363,0
1459.T,1.205601707830838,0.0,0.004850650071871753,-0.0008810572687173253,44.444444375308635,0.38937482097899756,0
1459.T,2.335247530653623,0.0,0.005008421567267,-0.0011750881316029,44.444444375308635,0.054670110586054435,0
1459.T,1.121421939846755,0.0,0.005214765189735156,-0.0014688601645037084,44.444444375308635,0.01704992061322438,0
1459.T,1.1214219398467553,1.1346932054137133,0.005214765189735155,-0.0014692918013431131,57.14285702857143,0.0038304212359162246,0
1459.T,2.2420105143834115,-1.1275994057700116,0.005216703541591636,-0.001469723691937274,42.85714277142856,1.2534573589484794,0
1459.T,2.2420105143834115,-1.1275994057700116,0.005216703541591636,-0.001176470588228307,49.99999988333334,1.7759828862164455,0
1459.T,1.1205391287860167,0.0,0.005218873616788882,-0.001176816710790302,49.99999988333334,0.22880009146515487,0
1459.T,2.2402468550922694,-1.126712388891226,0.005220810450351716,-0.0011771630370738075,49.99999988333334,0.24317672681134722,0
1459.T,2.3312659174664567,-1.1724896232032174,0.0050169755469701835,-0.0014718869590728768,39.999999888,0.36675258136660044,0
1459.T,1.5292494713909188,1.5482463592437579,0.004011750803671193,0.0006180469715659844,49.99999988333334,0.04466353050137199,0
1459.T,2.891705481433644,-1.4547777576437584,0.004243148493961711,0.0,42.85714277142856,0.052024408099008906,0
1459.T,1.3673823243399692,0.0,0.004486651500848338,0.0,49.9999999125,0.015985121778336945,0
1459.T,1.4452999433099598,1.4632539798817699,0.004244771411092545,0.0,49.9999999125,1.0071100550107377,0
1459.T,1.529249471390919,0.0,0.004011750803671192,0.0,57.14285702857143,0.023233246314084743,0
1459.T,1.529249471390919,0.0,0.004011750803671192,0.0003089280197695548,49.99999988333334,1.1976365271204816,0
1459.T,1.529249471390919,-1.529249471400292,0.004011750803671192,0.0003089280197695548,49.99999988333334,2.538607912242252,0
1459.T,1.529249471390919,0.0,0.004011750803671192,0.0,59.999999832,0.08071674833730773,0
1459.T,1.529249471390919,0.0,0.004011750803671192,0.0,49.999999825,0.08355296777490387,0
1459.T,1.529249471390919,0.0,0.004011750803671192,0.0,49.999999825,2.700798785264861,0
1459.T,1.6406100961107979,0.0,0.0037394428444936976,0.0003088326127218908,33.33333317777779,0.18806131784827282,0
1459.T,1.766730538613994,1.788677501837535,0.003472497601812046,0.0003088326127218908,49.99999965,0.8838072197732889,0
1459.T,1.766730538613994,0.0,0.003472497601812046,0.0003088326127218908,49.99999965,1.4614532654944983,0
1459.T,1.9450352926895416,0.0,0.003154167640627836,0.0006176652254439571,49.99999965,0.3993606686266781,0
1459.T,1.5393208956418933,3.137097015188423,0.004035012194305386,0.0015743073047759803,74.9999997375,2.2534881905118307,0
1459.T,1.4410748694929962,1.45920159742021,0.004310101310208395,0.0018879798615361546,59.999999832,0.00196709339374652,0
1459.T,1.5242706896492442,1.5434439058808334,0.004074852742424387,0.0015728216420158995,59.999999832,0.09843310909353087,0
1459.T,1.443072080594472,1.461223930673918,0.004304136130576551,0.001256676091729387,66.66666651111112,0.5878151670700164,0
1459.T,1.5467048777989225,1.5661602850765606,0.004015749007217926,0.001570351758784106,59.999999832,0.1231714215063085,0
1459.T,1.6403945518388803,1.661028445583019,0.0037863930216226025,0.0018844221105409986,59.999999832,0.1614935322041709,0
1459.T,3.0581131097184957,-1.5386131583366691,0.004062098668221084,0.001255492780908557,49.99999988333334,0.13527029679839606,0
1459.T,1.4451157805199346,0.0,0.004298049168651759,0.0012550988390258046,57.14285702857143,0.9678847402705507,0
1459.T,1.549221255466109,0.0,0.00400922628259127,0.00125431169644881,57.14285702857143,0.5620881182312565,0
1459.T,1.6460392074652503,0.0,0.003944927203419731,0.0006521030322748108,49.99999988333334,0.012826188726087194,1
1459.T,3.2941331388335575,-3.294133138854949,0.003942466544443974,0.00032605151613749803,42.85714277142856,0.588475844010587,1
1459.T,1.5335580953695687,-1.533558095379514,0.00423427386253755,0.0,42.85714277142856,0.16472636394754223,1
1459.T,2.89885261094795,-2.8988526109667747,0.004480051879501793,-0.0003259452411974278,37.499999934375,0.03222205831487665,1
1459.T,1.3703096190497797,-1.3703096190586663,0.004738713815391248,-0.000651678071028626,49.9999999125,0.0374091795418739,1
1459.T,1.3703096190497797,-1.3703096190586663,0.004738713815391248,-0.0003259452411974278,42.85714277142856,0.07784224720533149,1
1459.T,1.3703096190497799,-1.3703096190586668,0.004738713815391247,-0.0003259452411974278,42.85714277142856,0.3234627234446407,1
1459.T,1.3703096190497797,0.0,0.004738713815391248,0.0,42.85714277142856,9.325396779108887,1
1459.T,2.767556063924818,-2.76755606394279,0.004692591557099307,-0.0006521030322748108,37.499999934375,1.7071924847095266,1
1459.T,1.3162370890320296,-1.3162370890406276,0.004965630014988467,-0.0013042060645496215,39.999999943999995,0.23466190536690346,1
1459.T,1.390965728297183,0.0,0.004698855038945599,-0.001956309096824432,44.444444375308635,0.9760884138212375,1
1459.T,1.267062740205746,0.0,0.005158344759038162,-0.001958224543068047,44.444444375308635,2.6038210299591023,1
1459.T,1.267062740205746,-1.2670627402140229,0.005158344759038162,-0.00228534116877381,44.444444375308635,0.6957393082829819,1
1459.T,1.2670627402057462,-1.267062740214023,0.005158344759038161,-0.0022868343678388494,49.9999999125,0.9056005620937944,1
1459.T,1.9538236253804686,0.0,0.0032808767245525675,-0.00032226877215397424,49.999999825,1.2198050694245177,1
1459.T,1.9394881959254064,1.964513850078863,0.0032840750593093907,0.001289490651184575,59.999999832,14.217353958530909,0
1459.T,1.5360453877287448,-1.5360453877387787,0.004255047558193898,0.0,39.999999888,0.0017747977566095166,1
1459.T,2.621608055012042,-1.3193713740995903,0.004953833713049431,0.0016355904481410823,42.85714277142856,8.515120373463247,1
1459.T,1.251449269090001,0.0,0.005188788233291191,0.0009807126511868257,49.9999999125,0.039654255692170265,0
1459.T,1.3104443786159903,0.0,0.004955193283272339,0.0006533812479538773,57.14285702857143,0.34494080141153866,1
1459.T,2.502898538180002,-2.5028985381962556,0.005188788233291191,0.0,42.85714277142856,0.3239217813725208,1
1459.T,2.6216080550120417,-1.31937137409959,0.0049538337130494315,0.0,42.85714277142856,2.3896743647653973,1
1459.T,1.2568894437848417,0.0,0.005100094670238318,0.0,49.99999988333334,0.14485335998070933,0
1459.T,1.2753697467783973,-2.5343885993836697,0.005058620564045291,-0.0006441223832486325,33.333333255555544,9.758845617280167e-05,0
1459.T,1.2346373988106567,-1.2346373988186252,0.005225511291624335,-0.0022544283413703054,42.85714277142856,0.05003600938743102,0
1459.T,1.3162506509929335,0.0,0.004901506853627508,-0.0012899064817718617,42.85714277142856,6.761016654074197e-05,0
1459.T,1.2033925925418834,0.0,0.005652951436760436,-0.0017111567419458512,49.99999988333334,0.18280063143477818,1
1459.T,1.2033925925418834,0.0,0.005652951436760436,-0.0013698630136891698,39.999999888,0.510911666133452,1
1459.T,1.3068596891688375,1.3248853400629403,0.005205394150504356,-0.00034270047977840075,49.99999988333334,3.399989944641803,1
1459.T,2.87620745532292,1.4678575978988593,0.0046983782801222,0.001028453890976875,57.14285702857143,1.9050640967583103,1
1459.T,1.4375073154889242,1.4571991965328708,0.0047003276062673,0.0010281014393350074,62.499999890625,1.1026743249786577,1
1459.T,1.376868676558728,1.3957298913155438,0.004907334660797063,0.0027369141293005048,57.14285702857143,0.042596281044369994,1
1459.T,1.376868676558728,0.0,0.004907334660797063,0.002735042735024073,57.14285702857143,0.7445317446463877,1
1459.T,1.4418829866449208,0.0,0.004686063555372292,0.0023915271608992337,57.14285702857143,0.7996974332452118,1
1357.T,2.495339912734577,-1.7864658938123434,0.00320353426249587,-0.0018664216390049835,42.702702699471146,1.0933420922415318,0
1357.T,1.3999795734146672,-0.7014835762651206,0.0030421460875844648,0.0008009141099706757,30.645161283402715,2.591991152916161,1
1357.T,1.3303615676847766,-1.1210206326284746,0.003041274914100064,0.0011960956022125991,37.03703702743484,1.1812745699736162,1
1357.T,2.705545936620903,-1.8777893154977736,0.003018812747148888,-0.0008931761343335027,37.41007193867812,1.0607337562073833,0
1357.T,2.705545936620903,-1.8086212862057458,0.003018812747148888,-0.0007463706413530196,39.69465648430744,1.2050922180657118,0
4063.T,1.2360129338007964,-0.3541701657102521,0.0032736239467256846,-0.0007315235970679,47.5113122141848,0.7275762529127345,1
4063.T,0.8353200580232782,0.35309137731012175,0.0032869603431543884,-0.00030432797860996744,49.99999999692982,0.781542016378397,1
4063.T,1.1413989674576406,-0.9225658561928609,0.0032922469963516626,-7.248267664027246e-05,45.77777777492938,0.8948929159802248,1
4063.T,1.2292696315311418,-0.8352336935638615,0.0032920575300705327,-0.0002609187238175194,46.81818181520247,0.6747842068988108,1
4063.T,1.4475896796615992,-0.8351505798521863,0.0032947692133555658,-0.0003624055027651014,46.81818181520247,0.5830526043016289,1
4063.T,2.247690125498467,-1.6027927377608906,0.003343670283706795,-0.0006668261250878393,44.396551721458835,0.6205509624285721,1
4063.T,2.5491037493421174,-2.163071064007047,0.003345191922634467,-0.0008843527552660408,37.614678896666945,0.4165074512800891,1
4063.T,3.2495808574527407,0.2596227564342772,0.003380203020210962,-0.0011889399585318953,35.497835495684114,0.5920060331825001,1
4063.T,3.665406821346231,-0.566486563217358,0.003351608489420459,-0.0016024130455271762,34.89361701919783,0.5063528236506072,1
4063.T,4.008827356620353,-3.3695472867153486,0.0033529118444922856,-0.0018712601994557046,33.884297518700905,0.3971748012542337,1
4063.T,4.472304643009197,-3.32419756256397,0.0033609225180560986,-0.0021765627720700302,30.769230767486775,0.5966007630939956,1
4063.T,4.177701997161226,-4.092749600325025,0.0033635375001215785,-0.0023879687023672723,41.53005464163157,0.5662870446108315,1
4063.T,4.133936876022714,-3.7827145232612924,0.0032599200354766302,-0.0025926679061116908,38.85714285403429,0.5109679099134251,1
4063.T,3.812074711113292,-3.549203616790665,0.0032709709634636884,-0.0027394871273167735,11.570247932545584,0.4093108408526193,1
4063.T,3.5959493866621552,-3.5959493866626886,0.003271178908601985,-0.002850245760986172,12.173913041996215,0.5034658883619084,1
4063.T,2.1913509994961875,-2.147836710536057,0.0033222142819682764,-0.0028447742733453143,15.12605041838853,0.31277547422377283,1
4063.T,2.1149664292196504,-1.8960383718221174,0.0033059561301398257,-0.0027523136181269534,16.071428569419638,0.35469180937720257,1
6920.T,1.3821014578722204,0.3479877744201026,0.00409587153851207,0.005476938076189501,51.515151514058765,0.4366136656639375,0
6920.T,0.8307695930072074,0.3478276654454196,0.004088433233307727,0.005555476009793516,59.15492957629836,0.4945147679324811,0
6920.T,0.8436096330027979,3.1346520304337,0.007521119965457488,0.0031531741953565854,71.62790697627777,7.657238333929881,1
6920.T,2.483219935681332,3.4947930613319795,0.008154420158126015,0.006066581603062149,71.92982456105017,1.3515269655620408,0
6920.T,2.9751716288427033,3.2451097044969366,0.008227114476147365,0.005500422664057217,66.88963210671022,0.9905153901216804,0
6920.T,2.549826212651498,-0.2488388619914376,0.00820321607508546,0.005229618341760633,69.13183279711645,0.6626712328767066,0
6920.T,2.3331699309597194,0.6394980520374969,0.008201984787374732,0.0053728108101874636,69.90595611254587,0.720713036803269,0
6920.T,2.0928520415377307,-0.6053665287980401,0.008186892314112744,0.005792795282844901,73.18611987349382,0.41201499768293876,0
6920.T,1.906909720407457,-0.7972956252304145,0.008186575105369857,0.005922535535213076,72.41379310313047,0.4355973847499235,0
6920.T,1.0414995736970323,-0.8509830140345518,0.008199067015346582,0.006029285099052403,50.81967213075875,0.4714080754252882,0
6920.T,1.31082863401502,-1.1756048890081483,0.008228776258926393,0.005997775203843944,55.029585798360706,0.5076879615803663,0
6920.T,0.8500465123990704,0.13823013247601101,0.008250811818276315,0.005513698630136861,30.14705882321907,0.7183722956844564,0
6920.T,1.0924849821238427,-0.521407642639016,0.00828365864176708,0.005357834978682535,27.27272727246026,0.5956591340605295,0
6920.T,4.181348702619417,-3.6937050052553095,0.00410941649920592,-0.0012019230769230497,33.544303797171125,1.2603254686649723,0
6920.T,3.3879482307486377,-2.8033737040369044,0.00420423265639661,-0.0021091065779178333,38.23529411733219,1.0926414996633929,0
6920.T,3.928314526687205,-2.8116006668201057,0.004201453529949056,-0.0034462431415226173,33.13953488345119,0.71416328629377,0
6920.T,4.823744540256972,-3.9959454512159462,0.004030854334881032,-0.0040030845297225285,27.272727272510323,0.876334257238888,0
6920.T,5.084500232445573,-3.581010275176331,0.004002000974254926,-0.0037122811797560633,27.11864406758211,0.6031408371394531,0
6920.T,5.42732847977836,-3.4910885336252093,0.003915837814930816,-0.0033976114450642958,26.81564245789083,0.6465881740714154,0
6920.T,4.774419993584859,-2.2930535851248055,0.003883078596047232,-0.002980388588069278,33.14917127046182,0.5234416622269509,0
6920.T,4.837795702294975,-3.861764750757663,0.003878944061628879,-0.0027667399150621604,30.68181818157413,0.12975235437739616,0
6920.T,5.463304526115918,-4.597718912053545,0.003848668341686308,-0.0028601055162432833,31.034482758370984,2.2066873310030704,0
6920.T,4.388342259921199,-3.9850805792613513,0.0038701838320460095,-0.0031013408738483285,36.51685393229706,0.8433420365535137,0
6920.T,1.8926538082124125,-0.7130106263340007,0.003871644663751697,-0.003342993405289384,37.14285714256,0.7393426618939051,0
6920.T,2.7354258449657354,-2.504919630390024,0.00393720528855679,-0.003744890735962283,23.353293412977877,0.7145651323510143,0
6920.T,1.3226848356915286,-1.322684835691558,0.003997441307618665,-0.003713946153494453,26.857142856927993,0.5140094058422134,0
6920.T,0.8860599229181351,1.904619568720723,0.004122708922934978,-0.0014473608638216888,60.992907800812844,0.6865256532240256,0
6920.T,6.531283208935753,-3.7549525348720914,0.0057868060303307095,0.0007129878792060372,37.37373737347311,8.918609967992582,0
6920.T,6.277564617674545,-3.6606109777764333,0.00580566513633044,-0.00036783723202482056,35.078534031156494,4.987060041407824,0
6920.T,3.836130507469349,-1.0301149968030774,0.006451006490095823,-0.0007583243330192624,49.79079497878784,2.3687553788778954,0
6920.T,4.716315733097582,-2.1557837545891294,0.006582704864499968,-0.0017224748518671234,42.63565891449733,1.723408347759171,0
6920.T,6.2354534975312035,-4.122853572711845,0.007432370517561025,-0.0020914732245460336,27.75919732428474,1.554588320638364,0
6920.T,5.86219435212484,-3.8963522446932717,0.007445085568330068,-0.0021963363729401654,29.641693810939756,1.3609242972926274,0
6920.T,7.0535122296379535,-5.118834589508806,0.00781427768014746,-0.003714009750712821,26.300578034575665,1.1603938226480874,0
6920.T,8.167734075464605,-6.275152260543813,0.008015296271317394,-0.0054639151540247675,22.222222222141838,1.7202989171877279,1
6920.T,8.125846650380966,-6.181899922961866,0.008028927870611114,-0.006448789700361445,21.61458333325453,1.3036327437458448,1
6920.T,8.525088321721851,-6.762398617765449,0.007969594709462641,-0.008021020605725165,19.948849104787897,1.2827138772817173,1
6920.T,6.231039208050475,-4.017371596330719,0.007740523436389887,-0.009198453459518514,20.308483290415353,1.0706419554122961,1
6920.T,4.924763371104991,-2.9635597979348196,0.008114754810680516,-0.009333903931342966,27.12264150934442,0.5777210341525664,0
6920.T,5.674981033760324,-5.163729187983739,0.008175201714001283,-0.009712788891721884,25.555555555476047,0.7701869788159695,1
6920.T,4.893872658483637,-4.565123517041774,0.008137528543604777,-0.009967935312978998,24.107142857067515,0.3887368609498459,1
6920.T,3.044784331276419,-2.1784661150153197,0.008229990120212504,-0.009784735812132845,34.25414364627636,0.4534461910519929,0
6920.T,3.3122142515892534,-3.312214251589336,0.008238505008291565,-0.010355858590575577,30.729166666554633,0.4285465708817002,1
6920.T,2.009281674090027,-1.726342009779425,0.008275134636385007,-0.010650749063670164,21.06824925807271,0.46058111617423464,1
6920.T,0.9741348071799693,0.06982997629743033,0.003415333482657386,0.0005866155872141605,77.19298245519236,0.45029987218561696,0
6920.T,0.842701051814609,-0.2814352715296109,0.0033832076639791807,0.0014840524205612716,61.90476190373016,0.9584664536741011,0
6920.T,0.9136345685113292,1.051613810154666,0.0036234119090152303,0.0025717088107939387,58.999999999174,1.106408706166846,0
6920.T,0.9146214799094224,1.6320697038351841,0.003360966172212567,0.0031205164992825656,61.22448979504373,0.639559508682748,0
6920.T,4.207322521502834,-2.1825607202220967,0.0038208732106276154,0.002578950510417227,39.5833333329485,4.808416010947575,0
6920.T,3.688249249625241,-1.6111918194859924,0.003845833758744002,0.0017538208239378228,39.99999999961379,1.8945985880807439,0
6920.T,3.987016765418208,-1.7233886079827783,0.0037355280678628526,0.0004409959356860958,40.845070422132515,1.6164361659604827,0
6920.T,2.183278888965118,-0.4160031396541838,0.0040063790192762395,-0.0006667460411953646,49.09090909049256,1.5170132325141539,0
6920.T,1.5191244161924822,-0.23493332408944842,0.004046127176535055,-0.0003215395791404099,51.999999999584006,1.07283236994218,0
6920.T,1.1698561462077148,0.7663853881339412,0.00404163471994196,-0.00013100852746414818,53.88888888846976,0.784313725490184,0
6146.T,1.7417159461055605,-1.18031303908035,0.0031475286300886936,-0.004964892266658018,43.95604395570582,0.590852464851376,1
6146.T,4.490641852837886,-2.376347508064803,0.0030210445456072483,-0.002220754213108041,33.870967741744266,0.6480343980343781,1
6146.T,4.555715229726052,-3.958583082221771,0.0030085921659775217,-0.0023202834964562613,31.81818181799774,0.7016473459426266,1
6146.T,3.3607209580920254,-3.2220471889119713,0.003006028811692081,-0.0023918564323350514,32.653061224303215,0.7742129838830917,1
6146.T,1.1710465624305997,-0.14096342390646505,0.003014036166175253,-0.002301909106267918,38.42592592567687,0.54786181707501,1
6146.T,1.736029856704691,-1.6893486383500715,0.0030090343667058144,-0.0024369972812688947,37.05357142833984,0.6195635586753969,1
6146.T,1.0845292893899086,0.0,0.0030013232525746025,-0.002565295220375737,25.773195876102662,0.7542107616634147,1
6146.T,0.8459314323482912,0.32351184146062,0.003313494336217909,-0.00038159251275321834,57.07762557041138,0.5080517124064299,0
6146.T,0.8032765337578772,0.29697459737760407,0.0031571165484731802,-8.70368634592455e-05,53.23383084540036,0.4996195790007482,0
9984.T,3.7846798785993254,0.3566982508213796,0.0031411643314576553,0.0006136509441855623,46.45669290826462,1.7021062347906295,1
9984.T,2.754397832509866,-1.4689912508989051,0.0030144734001826758,0.002997342966714263,55.913978486206496,0.6510525972148368,0
9984.T,1.4358875405549452,0.0,0.0036722023790075747,0.0008882760815090143,57.894736833573404,0.5900082376314375,0
9984.T,1.7762380109241478,-0.1276571314690746,0.0037187187917567207,-0.00017884608505915539,57.86516853477465,0.37303675068348685,1
9984.T,1.741346372307659,2.897901686363226,0.0040412958893513,0.0029097500477000826,55.68181817738895,1.1269220855055144,1
9984.T,1.4556013778784491,2.783543284878762,0.004028859387557382,0.0033259423503317572,52.7272727227989,0.7527623939856053,1
9984.T,1.9643759589228398,1.81878048440145,0.00406011997556359,0.0031328917901551944,49.41860464714035,0.6310946372579648,1
9984.T,2.1798604030740436,1.3887669843268122,0.003766378082070479,0.002831883678592557,57.43243242699963,0.7370096034245108,1
9984.T,2.513268811562729,1.1465705647235214,0.0037334092612044826,0.0027467300832336346,64.88549617627177,0.6377662317058652,1
9984.T,2.1978724631562017,1.592320164242738,0.0037355117568147285,0.0026020317233998017,64.34108526433508,0.47432467420384855,1
9984.T,2.9554777618587806,0.8975921419240026,0.0031748033214347255,0.0021731127762400306,59.84251967844256,0.6433143314331424,1
9984.T,2.915759418553412,-0.15476800021535353,0.003057147794588563,0.00129329267569168,57.851239662727956,0.6340574962656246,1
9984.T,4.312635071372058,-2.673884600796943,0.0032635710672981543,0.0003675991035324647,49.29577464302717,1.2608741222094102,1
9984.T,1.6691921300093362,-1.1165289639214813,0.006010957616246983,0.0036859730744152894,36.93181817888043,0.9188832514467611,1
9984.T,2.2470481091591092,-0.251466196810647,0.003572132511571674,0.0025707806641366345,44.311377241794254,0.6313828319072585,1
9984.T,3.084742692508549,-1.4798525451997813,0.0031803224025060877,0.0010205225972858946,47.74193547955879,0.6839226975768228,1
9984.T,5.066207562016147,-3.4396299883521135,0.0035208249847603038,-0.0007620242951274784,33.5227272700607,0.9390852303693444,1
9984.T,5.106579095524337,-3.7838189610284347,0.0034929900797169575,-0.002519201916832183,30.76923076668183,0.9425747158963,1
9984.T,5.298132799046105,-4.607270503924553,0.0034929525086280955,-0.0033256071752487564,33.548387093744026,1.1334755348716938,1
9984.T,4.956893301608818,-4.386329953391838,0.0034681667224127515,-0.003753038841150389,29.452054791696384,1.2374728777861894,1
9984.T,5.4592542036656075,-4.292570342120444,0.003394404424164882,-0.0035214426700153185,28.859060399972975,0.6923275639369663,1
9984.T,5.56795244760766,-4.631804039202294,0.00328804036379217,-0.0032102728731935415,26.89655172154103,1.0638948740456986,1
9984.T,4.47138021827646,-2.002998696649606,0.003159104208806928,-0.003067071115604217,21.481481479253787,0.5664086497112659,1
9984.T,2.477387146276834,-1.1787852068702394,0.003439178615103774,-0.0026651373051745715,34.61538461227812,1.022240907555842,1
9984.T,2.608605321120625,-1.877475390618568,0.003352133011240779,-0.0022171202196856047,36.486486483035065,0.863531968148748,1
9984.T,1.3626766462040785,-1.4304882964658399,0.003305628781688415,-0.0021170455953059063,34.48275861736029,0.6355272175953801,1
9984.T,1.094339488922058,1.033163302963847,0.003295916818237008,-0.001736404740159001,39.583333327560766,1.253671271619709,1
9984.T,1.044171605946455,1.3328329491990314,0.0032383792506078,-0.0019738994100856164,34.090909085485535,0.9428699102222089,1
9984.T,0.8988091150390328,1.4155959294679643,0.003437213249699527,0.004610234524880696,62.44343891007145,0.7221060194526789,1
9984.T,1.2369670290490353,-0.9433618264871959,0.0032780466325270674,0.004023516084297807,54.040404036583006,0.4421586962329679,1
9984.T,1.1914020990699583,0.06294808845481371,0.003074530819158619,0.0028985507246370463,48.31460673777301,0.8378773299119705,1
9984.T,4.443960681916814,-4.481808889426219,0.004589891996018152,-0.004727794974263895,41.6988416965877,0.8472853430286889,1
9984.T,2.4214066157228205,-1.5054189480132312,0.004646888627833889,-0.004866332124934395,36.820083679851535,0.8047481372483772,1
9984.T,2.7370768697438437,-2.088064869168744,0.004636296152710198,-0.004791489742099028,29.43722943544536,0.7402159138024232,1
9984.T,1.5275244213650436,-1.020539221011308,0.0042137563121864745,-0.003598667955741013,31.799163178053604,1.0247365802921353,1
9984.T,1.7403995007330564,-0.8521750221141944,0.004212015728402648,-0.002590232403896503,31.799163178053604,0.6613404349755878,1
9984.T,1.102745929638372,-0.6374598296668024,0.004237509264756311,-0.001839406365242965,40.21164020866157,0.7215721060352764,1
9984.T,0.9682638050415046,0.976650066795898,0.004434101581560693,-0.0007097550895727289,46.91358024421074,0.7301267762819788,1
9984.T,1.0716452728299646,2.596334330575442,0.004340206444217253,-0.0010064339887132826,48.30508474289716,0.6924008893107837,1
9984.T,0.8514859305980554,3.072797335834894,0.004201850613440427,-0.0013124303333211444,53.8116591894468,0.5515104468616832,1
9984.T,3.475648708104156,-1.4358317356118588,0.004097534024112866,-0.0029798664674325673,47.142857140500006,0.884651401492303,1
9984.T,2.8890480907432434,-1.1806733824687603,0.004098025632768756,-0.001703268199896016,45.18518518284225,0.8566079161643572,1
9984.T,2.5244311662324597,-1.5209219335084676,0.004078195748218599,-0.00042410289255472554,40.322580642885015,1.0031325413865895,1
9984.T,2.6813340438675874,-2.4482297061515625,0.0036475753424321565,0.0003898567926047822,42.386831273278126,0.7989252744224492,1
9984.T,1.08222850005328,-0.18099446129277294,0.0038169461141094323,0.00019053722837621977,49.79591836450145,0.9166417358169702,1
9984.T,0.9915772491102824,2.1010966717443615,0.003645159106857879,0.00020781199941113183,46.75324675041322,0.626475893898908,1
9984.T,1.9531982116758573,2.447291222152931,0.00373518304731293,0.0022216459197783784,74.76635513529565,1.1124333211956943,1
9984.T,3.1978849422746882,-1.874813202553006,0.0037549825449513827,-0.0035657620041748303,43.3121019069658,0.7366947331059089,0
9984.T,2.9623452304456848,-2.4805407351670006,0.003772049591045364,-0.003810860953717338,45.34161490288955,0.7226164026852043,0
9984.T,5.312408674150916,-5.260168797999977,0.0031642035735209573,-0.004686011917302929,34.41295546363652,1.4984175240774544,0
9984.T,4.723113050917897,-3.937028100188901,0.0031733745591801085,-0.004632051433488482,31.645569618383817,0.00011601533722758134,0
8306.T,4.8917196816516295,-4.502925758878091,0.0036498243404875104,-0.0006234526627751001,13.934426226310123,9.495135117397052,1
8306.T,4.589000898526128,-4.394794791569301,0.0036547959628462894,-0.001427525952963506,18.25396824991182,0.0,1
8306.T,3.3646316984877336,-3.2242085488846928,0.003805565068159941,-0.002023614862727683,28.47222221668595,2.095939156065297,1
8306.T,2.24731673351341,-1.9287062818969876,0.003932150516085181,-0.002213428736628284,38.18181817533885,1.5308091419750396,1
8306.T,2.313609256744941,-1.9922189351107835,0.0038974300487206594,-0.0018082365173358137,37.19512194486912,1.285317654744403,1
8306.T,1.3659041912786594,-1.3206123862361865,0.003963809346069975,-0.0012757525582904412,41.477272720674065,1.134710884576577,1
8306.T,0.9093593876301059,0.04347503734890739,0.004157935617652905,-0.0004889399961969233,48.79227052480105,1.407992723551813,0
8306.T,2.399140618496314,-1.6726202201934603,0.00442782384317048,-0.00051628096553586,41.224489791207,1.1521909233176815,1
8306.T,2.1493962237816326,-1.3431399672940785,0.00443969785243063,-0.000616042470692561,42.168674694053315,0.8635170880273138,1
8306.T,2.2318694066173226,2.193361407107557,0.004436984760462889,-0.0010146030365614787,43.03278688030771,0.5681347793691519,1
8306.T,1.690759295867709,2.460558937546557,0.004472615185727579,-0.0012863600539903218,46.09374999495849,0.6414895920324134,1
8306.T,1.650501333925825,1.5929337441584883,0.004472620031570247,-0.0011780911298795889,45.4545454495149,0.5371456401306834,1
8306.T,2.312109683439104,0.0,0.00451662037549995,-0.0012509744909979031,42.910447756710845,0.8041829441644534,1
8306.T,1.8193692505014551,0.519690226786229,0.004552301424067052,-0.0011788603141205053,66.14583332368707,0.49875910655671984,1
8306.T,1.335620345348326,0.35630513615872395,0.004583422800978155,-0.0010975355338463607,67.17171716221813,0.4129658090656865,1
7974.T,4.922376036062518,-4.3113357929211436,0.003298348915148533,-0.0009269179376677541,10.365853657651698,0.0,1
7974.T,5.624880511337414,-5.304015513044859,0.0033140267708859287,-0.001793732769932664,9.71428571350856,3.6263642564801875,1
7974.T,5.043308053002614,-4.65601798321053,0.0033623369526189265,-0.0025763421960303934,15.508021389213312,2.2865367409654778,1
7974.T,4.653109766024051,-4.408181349492395,0.0033858336449487767,-0.003316859397667478,20.207253884544556,1.7558143917976423,1
7974.T,4.199437997431307,-4.095047813517767,0.003409181522603491,-0.0032351736270088355,23.880597013262047,1.470799253838417,1
7974.T,3.869846504858494,-3.696168854684131,0.0034213880252425633,-0.0029909066788871273,22.727272725665742,0.987264498473838,1
7974.T,4.889630616617284,-4.7880577262798845,0.0034959720978289975,-0.003041659877247018,19.650655020632712,1.2838724879657908,1
7974.T,5.131177080826412,-4.995832962058972,0.003495625758922907,-0.003128586096514647,17.67241379203702,1.1112664243779626,1
7974.T,5.639680020671202,-5.605966982859622,0.0035027289431254017,-0.0034088642558818623,15.936254979190807,2.212809984157249,1
7974.T,3.17959109703918,-5.518038259259431,0.003514457664139689,-0.003695415507438681,17.33870967644056,1.1269806544363465,1
7974.T,1.844451687043699,-0.8227627465705405,0.0035660152571809355,-0.003680498804442744,21.755725189677165,0.7913579478239164,1
7974.T,1.9248085745906207,-0.2074931512262456,0.0035437020730971405,-0.0037382158350091634,21.673003801127663,0.47786278690580414,1
7974.T,1.460690381980287,-0.23883406903460072,0.0035856426722981056,-0.003572143346655243,25.547445254169105,0.6921413121845668,1
7974.T,1.4638058179021023,-0.5805524619922626,0.0035780113027797655,-0.00347236977095677,25.27472527342914,0.5359186268277144,1
7974.T,1.2456475382283374,1.9227927023981755,0.0040800332407980614,-0.0018701608825695513,58.18965516890234,0.8479273542072007,0
7974.T,0.9450100107735189,2.8189469791761463,0.00409753955512415,-0.0015910559490860377,58.36909870893919,0.5201560468140412,0
7974.T,1.2689174979761602,2.3964450292150126,0.004100574011863103,-0.001695349376135572,54.81171547796082,0.4412634567609107,0
4661.T,1.8681126138880106,3.316949837005588,0.006010173438331776,0.0033771925663805087,75.92592591608367,1.0994363649015224,1
4661.T,2.163362811163119,2.66650589192417,0.006040727041778451,0.0042403430219304416,72.19730940797523,0.755154991123846,1
4661.T,1.980655321025026,2.854891131852596,0.006040385754890225,0.0038368622992738053,72.0720720629819,0.5058815530019649,1
4661.T,2.2187280335439112,2.4067502749349385,0.006055904427974373,0.003662518336250043,69.56521738283554,0.6322458883796086,1
4661.T,1.3238359857095103,3.3113614738252366,0.006117566770256968,0.0038763720939012846,73.82812499192505,0.8431502316346678,1
4661.T,0.8213230819050192,1.277988019870618,0.006263334403284235,0.0058961046276887535,73.35526315113833,0.4093206756256884,0
6098.T,2.3039576481389603,1.2540864487518626,0.0030356223114970165,0.002900865481748041,66.24999999613541,0.6862371330537465,0
6098.T,1.9060200569867911,0.0,0.0030343094747898366,0.0026459897570186228,69.13580246515266,0.45921296001019885,0
6098.T,1.990461838398231,-0.17791102417568047,0.0030407277845619692,0.002487274015822812,68.44262294689264,0.6292048439802572,0
6098.T,3.4066349581868938,-0.7453040762031414,0.0032769618713955084,0.0021790794751139343,58.781362004218856,0.6010213434594657,1
6098.T,2.906925615583237,-0.16525968368631985,0.0032850601409160195,0.0020485527417255663,51.88284518524536,0.49238612732272763,0
6098.T,2.2391056497664854,0.6164691911133278,0.0033037486555540308,0.0018976364563846855,47.247706418984095,0.3216754500034177,0
6098.T,1.583620539162829,1.5591622268095624,0.0033123206890185897,0.0019237043884928098,50.43103447971537,0.6025605343723823,0
6098.T,1.943058080267241,-1.419294801877316,0.003322571621953921,0.0021199828770610153,53.91705068776572,0.41432887354336906,0
6098.T,1.4163004406207782,0.2224049258392389,0.003042152782858684,0.0012534724574833995,46.919431276507716,0.9535999999999797,0
6098.T,4.764446833936418,-4.80832687553521,0.0030242396577947637,-0.0005544174222292854,33.65384615158099,4.827132903904173,1
6098.T,4.310332860911246,-3.210238497192356,0.0030328915171588663,-0.0010411877653674956,28.124999997949217,1.2564203871987027,1
2802.T,1.2847329638141871,0.14336220950863435,0.0030007901045356017,0.0017117020131334063,32.78688523837678,1.2368382025804172,0
2802.T,1.782478488106505,-0.7866493032926606,0.003003943036383574,0.0014526907060073704,30.303030296602387,0.3603330809992321,0
8058.T,1.9518278327582774,-0.7415079137355927,0.0033106154883333788,0.0016646262517721934,49.43181817788611,1.3456189151599351,0
8058.T,2.0557862830851006,-1.4262256039488186,0.0033131047588156035,0.00196344298091105,46.783625727163916,0.5535417866458854,0
6902.T,1.9532065142391875,1.9408924842733084,0.005046035559133036,0.00504452967561334,76.44230768201737,0.4673433521035814,0
6902.T,1.813591594505775,0.6119537767087253,0.005016454409380557,0.005402667567108502,79.4117646949827,0.4453391252141038,0
6902.T,1.8307481912689587,0.6177428662791146,0.004969443409697647,0.005668184235440698,78.23834195756127,0.714911205296155,0
6902.T,1.379209266925913,1.4504515247489445,0.004947291036913013,0.006036425814137064,79.20792078109989,0.6972338006820742,0
6902.T,1.0731746944883755,0.10280466424800246,0.004945187163037161,0.006377501519989479,69.999999986,0.560886105780559,0
6902.T,1.4136865649614745,-0.7093529974074684,0.0050053997044100925,0.0064845314215557556,58.474576257311114,0.5516398989815606,0
6902.T,1.2053650101747544,0.2023324288366373,0.005054830468120719,0.00623197362999274,55.19999998763521,0.6285034290545811,0
6902.T,1.3038564628612788,-0.05046863927531757,0.005062412121393956,0.005822921486962823,38.94736840957341,0.8135982820675656,0
6902.T,1.2544978556038526,0.15161750099388915,0.005059225284566343,0.005570029646929203,33.333333322605355,0.6264528468441941,0
6902.T,2.4056294505665528,-0.7801688160340734,0.003271499425450144,0.004421149755232632,43.93939392075299,0.7669975488065617,0
6981.T,0.8281305136954903,-0.4146547574982844,0.0034334341150362,0.002024955436719539,33.8983050767021,0.6256635289121576,0
6981.T,1.0964054999541728,-0.8978213645550425,0.0042593003812918685,-0.0027865225899763183,53.246753237072014,0.58428431692207,1
4568.T,0.9922608301988797,1.7937572265792576,0.0036521430210409863,0.0051141746746825156,57.692307681952656,0.5810627728435913,0
4568.T,1.6021279773112551,2.559135628840905,0.0030952529455006822,0.0029002264296371116,61.43790848548849,0.8466835810076054,0
4568.T,1.5519613950079028,2.387671633769302,0.0030724094739337814,0.0018951601265998852,58.1560283572456,1.0195188047020836,1
6857.T,1.423686777634866,-0.997915748690514,0.0031322250466187863,0.0008266955637728228,39.344262293276,0.38990441053160835,0
6857.T,4.115959165931511,-3.489857114625313,0.004675952033094602,-0.00011954215355189147,25.96685082832758,0.0,0
6857.T,3.8042002900385365,-3.3882340555414117,0.004694058590895319,-0.0009362643054213314,26.775956283743326,2.9600076908286583,0
6857.T,3.0373340911253823,-2.172633086332676,0.00476869633443113,-0.0014639538705147157,34.55497382148296,2.2795546916416125,0
6857.T,2.294709661323337,-1.8072892320685627,0.004842054314615705,-0.0019911989008581273,39.61352656951248,2.492051354288224,0
6857.T,2.8118619692446165,-2.328386273173499,0.004868828387864114,-0.0016040489782904782,37.61467889859944,1.5858862978204422,0
6857.T,3.561265529766142,-2.8429783473207557,0.004902839665594327,-0.0015452868750310933,33.18965517201323,1.4822856729272864,0
6857.T,4.041983899064381,-2.944148313245268,0.004810617975732331,-0.002034587995930743,33.333333332929286,1.3256136113380363,0
6857.T,3.471825323144892,-3.0694654944423423,0.0048576971257230294,-0.0025937231898803858,34.46808510597229,1.0787335388063808,0
6857.T,2.730805096123085,-2.333846759731999,0.0049406897549783,-0.0028140904101385963,38.88888888845679,0.8940397350993317,0
6857.T,1.7471415630994425,0.24065651585960993,0.005043858901396625,-0.002628370410345481,37.87878787838614,0.8676014561143262,0
6857.T,2.031180360604184,-0.3213843070864619,0.005028749877144824,-0.002710487887819699,32.67716535397048,0.783908199346182,0
6857.T,2.8039372946373793,-1.7864458979847881,0.005071406230901665,-0.0031422624289487175,30.29197080261015,1.623269401752816,0
6857.T,2.0802408113817346,-1.8858817180382081,0.005106797866262503,-0.0035344180225280186,31.294964028461777,0.7766990291262087,0
6857.T,2.386561694605378,-2.03812940113324,0.005132485627780491,-0.0038677742261944963,43.939393938772575,0.6866764733498126,0
6857.T,1.9772829948735353,-0.8967578725681232,0.005179310146645589,-0.00392133265136228,44.77611940236133,0.5492091388400668,0
6857.T,1.9379300652506457,-0.468679484821458,0.005180867403149168,-0.003784608589153983,39.99999999939459,0.46966484159888305,0
6857.T,1.728979180240951,-0.750371571573274,0.005110148078967045,-0.003808203211350101,36.2068965511415,0.6989212995468137,0
6857.T,1.082923293039521,-0.7747612342456385,0.005191954880880604,-0.0035005482180397534,44.632768360875865,0.882852292020368,0
6857.T,1.402677067236366,-1.1703075651449748,0.005153655412800083,-0.003534031413612423,47.5903614449804,0.41362452156572377,0
6857.T,4.961496077162864,-3.7624547799671197,0.0035040094166386396,-0.00040255128056033697,40.21739130373582,1.066890222379094,1
6857.T,4.18794033402509,-2.5682012644307575,0.003473483233809141,-0.0005278036212695724,40.54054053992696,1.1523585115369124,1
6857.T,5.682822027865892,-3.7984982604212862,0.003621143864553208,-0.0013058800379241408,33.33333333290123,1.4782384754056015,1
6857.T,6.32581541012329,-4.603450507306968,0.0036456811562997076,-0.0019946689565107784,27.18894009181507,1.5189873417721396,1
6857.T,6.0490850848706055,-4.127052770734055,0.0036365020580335122,-0.0020314653398005394,26.85185185150378,1.1221226359221295,1
6857.T,6.824600686014898,-5.224503647916788,0.003483207873593945,-0.0022465876034906333,26.605504586814234,0.9781169690833971,1
6857.T,5.353627153962703,-3.5531949541129575,0.0032302641514113935,-0.002194239449738404,30.454545454157852,1.1996951219512104,1
6857.T,4.660361798218861,-3.39824503627017,0.003213468723385378,-0.0020524311001567717,33.478260869157666,0.7136840493146435,1
6857.T,5.164688673706865,-4.727156624335419,0.0032103562314880723,-0.0022059812581266304,32.7659574464181,0.8219488263265091,1
6857.T,4.452191238643256,-4.3395845578036525,0.003132950193338085,-0.0026642984014208634,30.131004366443804,0.43204665796945413,1
6857.T,1.9388799150413996,-0.8583223692799146,0.0031550723683163996,-0.0028991751263339203,37.61904761854604,0.5975205975205929,1
6857.T,1.9418493407676727,-1.9418493407677253,0.0031519490162593635,-0.0030715068345516473,33.9901477827824,0.5977420352613625,1
6857.T,1.956203947651413,-1.2325092153009307,0.0032330664006337767,-0.003271351409646774,25.714285713942843,0.9725980410838755,1
6857.T,1.9045766867814182,-0.3940412293046369,0.00322582767596607,-0.003355010478785959,27.499999999615,0.09330660086366369,1
6857.T,0.9574965122820088,2.0434920748901373,0.005399224713566993,0.0038099742498290744,56.650246304637335,1.7448089076135918,1
6857.T,2.19104316455226,3.025083887866316,0.0037200487642448724,0.004601920801725778,78.54251012056713,1.8922885852997544,1
6857.T,1.640424709423801,3.24818086520737,0.00372652919104696,0.003847857620581996,74.99999999900943,1.1783116596870127,1
6857.T,0.8434710701573525,-0.43017315974908094,0.013964162128423588,-0.008270323309448345,42.214532871563314,0.5393721282904403,1
6857.T,1.814628508727903,2.787755953128344,0.0052039170870670295,0.003238217644947688,66.66666666613027,1.335662151032344,0
6723.T,4.842871778569378,0.40226761065531674,0.0032893239423136093,0.0019670396879178493,50.49504949795117,1.2299107791566088,1
6723.T,1.1644209156797065,-1.2169731820048464,0.005836734104505818,-0.0021302542412120714,42.06896551317955,0.4802621903821489,0
6723.T,1.1260395695839343,0.5113200037394986,0.005512526988133206,-0.003275902031985361,30.714285711214288,0.46805219430652695,0
6723.T,1.4816685460108234,-0.17219092704144723,0.005446238685472159,-0.003741554445800389,25.899280572931005,0.6660438811321198,0
6723.T,1.30756794022049,0.11459068701342183,0.005459312523957094,-0.004068499296132922,33.333333329344725,0.7516314974226112,0
6723.T,1.7298544634890267,-0.3225457801714961,0.004844272576201332,-0.004521593706931166,37.14285713790476,0.489527455050271,0
6723.T,1.8796541626904884,0.8629589216572314,0.003632612510993476,-0.003937801342572077,54.32098764493218,0.8367730884789216,0
6723.T,1.9663126687848904,-0.6285712494229685,0.003472517494021649,-0.003709049148779772,50.66666665720889,0.6674503282777565,0
6723.T,1.2369370825364854,0.0,0.003512810857207513,-0.003572538055295566,56.79012344697455,0.7869019630059724,0
6723.T,2.2213456868547587,-0.8036753864932488,0.003492996893017027,-0.0031577146234843543,48.31460673397299,1.0793632615666453,0
6723.T,4.267232227361582,-3.6395942520931137,0.0034184239026095226,-0.003548693364876057,42.57425741984119,1.451631838459724,0
6723.T,4.249833874239479,-3.9702163279281697,0.0032935135218102782,-0.0035670893174231926,29.21348314147204,1.1156795847548997,0
6723.T,5.4922090193629,-3.7753208796805646,0.0033979977604848073,-0.0026371637226131894,29.92125983922128,2.0132180986273394,0
6723.T,5.582114944707461,-4.13854985228891,0.003398990532551036,-0.002327361334561455,24.369747896292637,1.5227211535584917,0
6723.T,3.640407531506475,-1.9593837385255346,0.003673984805983899,-0.001954071503383841,35.074626862007136,1.9116553184184821,0
4901.T,0.8285551463370061,2.8550374214710197,0.004887838095156173,0.002255149522765148,68.0851063762185,1.54151350720577,0
4901.T,1.2021956662589115,2.3175532770526805,0.004923492971395006,0.0027148459205859838,64.82758620063734,0.9345899881483047,0
4901.T,1.013777821772561,2.3837185597870523,0.004916681500802581,0.003508493411651587,65.06849314444548,0.8880455407969543,0
4901.T,1.0756677530852288,2.3161259860732777,0.004923406009805539,0.003267040949026839,64.38356163766184,0.4951022146507613,0
4901.T,1.2618296805503975,1.922693010079775,0.004937693596227868,0.0031057376919289095,62.585034007644964,0.5188162221410249,0
4901.T,1.0087525972498044,2.0481314593123643,0.004941174556424943,0.003005805951494833,62.41610737668574,0.843588827043856,0
4901.T,1.0081515656697466,2.0469111485141447,0.004944120346178339,0.0029560543787533838,62.41610737668574,0.48382855640283473,0
4901.T,1.555222525056574,2.2187841357480624,0.005007746681306079,0.002795987678697453,58.06451612378772,0.72087263529535,0
4901.T,1.554047246966081,-1.4306153720546593,0.005014658285019,0.0025413161176257434,67.66917292520776,1.3946149539369737,0
8031.T,1.0079598203665978,-0.6057259014758299,0.003889988954642224,0.004759713782543788,59.230769224390535,0.5357823336635886,0
8267.T,0.8346842161083395,1.091645051748241,0.0031280874519577333,0.0006976713572995368,59.223300954774245,1.3054992989562035,1
8267.T,0.9829755674061615,1.8182546128368187,0.0031857587606545223,0.001447482696001554,55.652173899493384,1.0574941368772501,1
8267.T,1.621255683960409,1.3093049064150588,0.003219236244450136,0.0012233622730854102,52.03252031335845,0.6743778478794157,1
8267.T,0.8848741500812862,2.68545755790385,0.003244035085873126,0.0011440143067530037,54.6153846036213,0.6914124371599657,1
8267.T,1.2017902851263753,2.3504496797887238,0.0032571438270816632,0.0009069162219706262,55.46874998786621,0.580360176690444,1
8267.T,9.545430498095847,-6.402855637405919,0.0055986029051476,-0.006450751252083389,21.99170124225823,0.7658793854620488,0
8267.T,10.108766245000496,-6.928594673295825,0.005518701981442204,-0.006967848927402181,21.99170124225823,0.5844066131433913,0
8267.T,10.139417384099836,-6.965316031304516,0.005527729490685869,-0.007153669939846346,19.23076922846812,0.24694007372946916,0
8267.T,6.735718265722577,-6.169715184032617,0.005454682911656598,-0.007394484332009768,19.23076922846812,0.5626149285097751,0
8267.T,3.089632685881696,-2.893447451302026,0.005454500314018393,-0.007756210345194214,17.748917746766367,0.32501244048989486,0
8267.T,2.8986836066418293,-1.6106845582923335,0.005452065130182732,-0.007892149600674575,17.372881353871023,0.4306472919418752,0
8267.T,2.5896103857777866,-0.3025939288018781,0.005471454245742276,-0.008041774047733622,19.421487601058672,0.5398391236396476,0
8267.T,1.3602502580411724,-1.2155054749290561,0.005624164978881199,-0.007733491969061826,26.06837606525677,0.40707236842105204,0
8267.T,0.9413647155040036,-0.24868482576883355,0.005549480193575218,-0.007534107106491531,41.21621620841855,0.3875333337927132,0
8267.T,1.4886076978151606,-0.2901084814178346,0.005716394413874976,-0.007386130488301252,45.04504503368233,0.6544407932708947,0
8267.T,2.176559179461435,-0.46501315869905135,0.004161828543085251,-0.006304392516956731,39.999999989333325,0.6396584785985117,0
8267.T,2.0299182452755518,0.21935785973965322,0.003786345133386569,-0.004983593953785656,46.53465345244584,1.016595168209526,0
9022.T,0.904675655519114,1.835088883030645,0.005167687315043728,0.0011771560385723451,65.43209875977747,0.8300132802124697,0
9022.T,1.5653468272622468,1.2709947761859037,0.005226567982599016,0.0016646848989294494,58.23529411285121,0.5594176821787755,0
9022.T,0.895059496457997,1.9531408613460413,0.0052232068788407564,0.0026521728788556367,62.983425409492995,0.7036859741503,0
9022.T,0.9391535370501599,2.2738173517502,0.005226871615574256,0.002566783914820017,61.363636358755166,0.6185245773934623,0
9022.T,1.8252728773077693,1.4151633127859091,0.005378740957605364,0.0024940617577191224,54.59183673079447,0.5710804842762419,0
9022.T,1.6097938491568666,1.4596459566136852,0.005372675358716109,0.002611585944918658,56.565656561656965,0.3781829139671481,0
9022.T,2.4897793287893135,0.7866654935832387,0.005445355985509035,0.001980902674811312,51.141552508146205,0.4705882352941106,0
9022.T,2.233550522178299,1.0935044236126072,0.005442102321829122,0.0013630760477903083,54.37788018082355,0.3252401482489929,0
9022.T,2.019401878606169,2.2871605459278124,0.005440442717087204,0.0011017651936970818,56.16438355805342,0.378028082086092,0
9022.T,2.31017004549022,-2.014002110937907,0.005469091813609865,0.0005446365143262224,52.65486725337536,0.4050085020868696,0
9022.T,2.137642985604372,-1.4590593146837003,0.005472682247949686,0.00047352969031147035,54.91071428228236,0.3883804218065995,0
9022.T,2.3494168419692834,-1.0326903433758106,0.005477318743042799,0.00039061112886619914,53.94736841774008,0.35615994819491087,1
9022.T,2.3066512058583983,-1.6292983823302714,0.005477435017165635,0.00021301018898745196,59.903381638460644,0.28145695364237944,0
9022.T,1.9317975508733418,-1.846807131127151,0.005469444038825015,0.0002603365441505204,28.799999996774403,0.43604651162789954,1
9022.T,1.591858037709996,-1.1643684069570555,0.005474157899339613,0.0002484854221883339,29.752066112260096,0.3240213678956069,1
9501.T,1.8835975336054533,-1.6753505287109969,0.003000871474515262,0.001949636982701263,36.05419294615178,0.6229273870783295,1
9501.T,3.012344497555393,-0.04009204308521581,0.003705335871387201,0.0009078965841080283,63.23525118646676,0.5522842817113202,0
9501.T,2.871683075850253,-2.040388640250258,0.0036822498772134597,0.0016673959042892304,63.99992894516406,0.7402319212588455,0
9501.T,2.9528406233207116,-2.3198487517098956,0.0036821164251883243,0.0017485509333258558,61.19395843706262,0.4752233761120789,0
9501.T,3.423666764697962,-3.0694483773516184,0.003690741978779832,0.0018818234913412393,61.65408872498786,0.7427517521209878,0
9501.T,4.24100583307394,-3.864620269463788,0.003850686401810257,0.001576232525854621,39.28567533593315,1.0622948909645211,0
9501.T,4.791235375841943,-3.8249777061888888,0.0039014941697433367,0.0010775461672780165,17.989730659024687,0.8102553279162198,0
9501.T,4.796844884765131,-4.796844884772192,0.0038998017317207817,0.0005867865297172446,16.66693156219344,0.9472704430666243,0
9501.T,4.243040626368172,-4.20612021027843,0.003923366212871335,0.0002152998516246919,19.192059295010253,0.9601663797478421,0
9501.T,4.41290894966693,-4.153167379567425,0.003905884628184004,0.00011135030806908787,19.791782549345115,0.7953079651725241,0
9501.T,3.1944921238089545,-3.1193506252979573,0.003886966645799743,0.0002820865409371593,26.229617528603157,0.6294655615890248,0
9501.T,5.702791266830126,-4.588651699071809,0.003114256581330587,0.000145187476257599,23.783915733690563,1.3778561145767956,0
9501.T,3.4055140502833043,-2.7025192054404505,0.003382753955973011,-0.00016124221141349394,37.55654731579081,0.8239124163793452,0
9501.T,0.8460489101223088,-0.46598761318815046,0.003782286243337118,0.00020154951423975836,50.75192625376589,1.3998472160163724,0
9501.T,1.1081585726547296,-0.6830427834839611,0.0037546278498324422,0.0009112599498356601,49.077489918475884,0.8477259505803133,0
9501.T,1.7077463482457569,2.137443777806859,0.003997406257460384,0.0017490982378292512,52.12464293280239,1.8360742750986638,0
9501.T,1.2818938897714298,0.5069128133885056,0.0036810002715850945,-0.001876892740765622,59.16231533304015,3.2974707327648463,0
9501.T,1.255548864345169,0.4679336906523358,0.0036239686195475547,-0.0011132103396268962,61.290333119846785,1.9488719826357654,0
9501.T,1.069262806425278,0.8895645089131654,0.0036249741649698303,-0.0003741135625890455,61.702037815352405,1.160580018566673,0
9501.T,0.9767239328810705,1.5017339352563335,0.0036233255711789077,0.0005360544890771979,58.62067751227304,0.9138239010151168,0
9501.T,0.9310938064719498,2.118163051877069,0.0036198358598797196,0.000706219662497771,55.82827824157243,0.6653227979777284,0
9501.T,2.426003284675825,0.7273820795213624,0.003751082907417158,0.0006380426579276091,45.64100795185765,0.9891779623961511,0
9501.T,1.9333096313960612,1.1423787049010095,0.004184047218451944,0.0008674490664334839,51.0121427187969,1.2816410354379582,0
9501.T,2.131557160025432,0.8143722467156266,0.004190204548614201,0.0007907480521396991,52.49988552903933,0.6696370380025825,0
9501.T,2.0729734984045716,2.276203939841058,0.004146024651721236,0.0006886446089633702,54.00833881688213,0.5005875998622992,0
9501.T,2.5109079276603823,-1.6259717507607938,0.004165368864224387,5.0983661777346426e-05,51.1999452840952,0.5768079143411495,0
9501.T,2.9849044395155144,-2.1454427838682975,0.004182065675061808,-0.0004928284585784156,49.23084143504496,0.6706611005872879,0
9501.T,3.602095612523948,-2.9300977263434413,0.0042148195324256225,-0.0010704940995112072,45.787585073269675,0.9318129196573269,0
9501.T,2.355625783845633,-1.7808774926176052,0.004368310616459921,-0.0011894344313306906,57.24907650651288,0.6480715209865598,0
9501.T,1.4083635809225572,-0.9155475120509206,0.0044325468711638085,-0.000764824861454148,46.26176484338789,1.0250564149332946,0
9501.T,1.4104095119909659,0.3842374411753573,0.004426117045411271,-0.00017852748309074638,46.00938156933057,0.6576961253604752,0
9501.T,1.3341047997542403,-1.2962158016388605,0.004433054268464449,0.00047628155491752887,43.51859436507763,0.5287518538008892,0
9501.T,0.9610659190318208,-0.12055594381959284,0.004229762800310899,0.0011053481961489362,49.99999996354181,0.760847238500295,0
9501.T,1.1236212688703073,1.6998274604745092,0.0030148348963144824,0.00035695786186932843,49.324491466183936,0.3731216606177194,0
9501.T,1.6794089266628611,2.0380949194891285,0.0030256472040832974,-0.00016993049015197404,47.71258512604269,0.917133788073207,0
9501.T,2.6375764439021223,-0.6082705822130153,0.0030824361694943548,-0.0010956261659139683,42.01183855872345,0.5432255897612661,0
9501.T,4.031965646424189,-3.306710614028821,0.003234655914340088,-0.0017328047283385589,39.226642267273924,1.7164491620302682,1
9501.T,5.018875993283786,-4.24822220822178,0.003037312898378059,-0.0020984623677765915,39.01103320383583,1.93500886851176,1
3382.T,5.571825092949129,-5.295684578323679,0.00567196985333542,-0.00308965771664942,7.558139533653332,8.796713329275661,0
3382.T,7.094931510832307,-6.771135349816663,0.006145035897166657,-0.005016780265022078,6.190476189650795,5.4599499374217535,1
4061.T,0.8755055479396413,0.6775821264744386,0.003921965142676829,0.00454126541024869,71.15384613468935,0.724324324324246,0
4061.T,0.8765321633257588,0.338738238032052,0.003917371642341796,0.0044557691538029635,73.99999997928,0.20551649540289826,0
4061.T,2.5377987120709693,2.1306523184659905,0.003076796583854531,0.0023777963021162103,64.28571427928571,0.7957559681696909,0
4061.T,4.497769185349866,-1.6599201568769926,0.003771389348549884,0.0019120981179486158,52.631578943059395,0.4755614266842382,0
4061.T,3.3455885076734075,2.148874971408428,0.004954588166597655,0.00966371871723626,73.79912663304285,0.46918123275066836,1
4061.T,3.75031345215768,-0.9501286245921636,0.004696144492020213,0.008996447006768434,73.79912663304285,0.6665123813931652,1
4061.T,3.7428144216361114,-1.3915322237101335,0.004705553598219764,0.00833266458015443,69.9999999951,0.27926460321152996,1
4061.T,3.776793296768026,-2.8309672214160235,0.004594642124330533,0.007378547506902935,67.39130434269849,0.4065443728309169,1
4061.T,2.661373531060537,-2.493447137824963,0.0046001693301718155,0.006509498009875616,61.006289302804475,0.3984063745019722,1
4061.T,1.8101858638308945,-1.247753833582048,0.004605976783520668,0.006364941001380209,48.33333332769445,0.30499999999998473,1
4061.T,2.314663264413843,-2.3146632644144556,0.004730235694821722,0.005995569645437496,40.32258064060874,1.2415784408084098,1
4061.T,1.7521417985102414,-1.7521417985107077,0.004785995339981513,0.005841059602647507,22.22222221934156,0.37401102853031054,1
4061.T,0.8526334451841853,-0.3052337270374878,0.004314165354965803,0.003850160203582774,30.357142853348208,1.1888782358580445,1
4151.T,2.249075091271537,2.191011801049298,0.0039024227585577292,0.0021031594975249287,62.8571428487619,1.1986379114641907,0
4151.T,1.6400771112888273,2.8466852387666957,0.0038712842618341585,0.0027978949171564675,64.86486485668371,0.5404198302813514,0
4151.T,1.5477790477276276,2.9528156946791104,0.0038608366509253534,0.0027672381821802505,61.764705873875435,0.6486960333113895,0
4151.T,2.1418288112286614,2.9128871832720455,0.003923450445082618,0.002470214908696118,58.87850466519346,0.540424619343747,0
4151.T,2.5057651253639963,2.6994054673341195,0.0040988568189911255,0.0026097766980146303,57.61316871764128,0.5084015510555576,0
4151.T,2.324056428699559,2.933339682475351,0.004097924250952309,0.0023518255097192855,58.29959513509154,0.4151508666809152,0
4151.T,2.1876381499504056,2.1339451683673882,0.004097379288588188,0.0022366700153525995,62.025316448368315,0.42399830400676597,0
4151.T,2.3645351061900333,-1.0255493982915878,0.004027771520219268,0.0017235338125128567,62.553191481908556,0.2774165583008116,0
4151.T,2.0394106907539125,-1.9014251860334286,0.004028917755096523,0.0016091170679987852,64.43514643596575,0.488762819114096,0
4151.T,1.171211171616046,0.1884176043079552,0.0039995164835455585,0.0015988949648995307,64.85355647775773,0.468508287292797,0
4151.T,0.9330595404220097,0.23436311902790738,0.004017779568858001,0.0022302443818623904,38.216560502738446,0.47294224647564925,0
4151.T,1.8590245250047506,-1.3630723059276921,0.004133940378059749,0.0022292121246459827,44.77611939362887,0.4973696795791249,0
4151.T,1.496822451200641,0.0913155835009377,0.004132464413880819,0.0021806441868358777,42.63565890547443,0.3596403596403417,0
4151.T,1.6752437264237363,-0.27324890792692774,0.004139893750318713,0.0021794714545841217,40.45801525852806,0.6075483277078485,0
4151.T,1.4272102876529211,-0.138845837535893,0.004071357097308313,0.001970694174664959,47.5806451505463,0.3733815115928712,0
